selector,display,padding,font-family,color,font-size
".about__content--style2 .about__content-inner, .roadmap--style2 .roadmap__upper-inner, .roadmap--style1 .roadmap__item-header, .accordion__button, .comment__author, .comment__head, .tags--style2 ul, .tags ul, .sidebar__categorie-body ul li, .sidebar__recentpost-inner, .testimonial__author, .testimonial__footer, .blog-details__action-inner, .blog__writer, .floating-content__item--style4, .floating-content__item--style2, .social, .btn-group, .footer__end-links, .footer__app-inner, .footer__app, .account__check, .contact__item-inner, .subtitle, .menu, .header-wrapper .menu-area .header-btn, .header-wrapper .menu-area, .header-wrapper, .paginations ul li:not(:first-child, :last-child) a, .paginations ul li a, .swiper-nav", flex,,,,
".footer__app-inner, .account__social-btn, .subtitle--style2, .paginations ul li:not(:first-child, :last-child) a, .paginations ul li a",,,,,
".roadmap--style1 .roadmap__item-header, .accordion__button, .comment__head, .sidebar__categorie-body ul li, .testimonial__footer, .blog-details__action-inner, .account__check, .header-wrapper",,,,,
".about--style3 .about__content ul li, .roadmap--style2 .roadmap__upper-inner, .comment__author, .comment__head, .sidebar__categorie-body ul li, .sidebar__recentpost-inner, .testimonial__author, .testimonial__footer, .blog-details__action-inner, .blog-details__meta ul li, .blog__writer, .floating-content__item--style4, .floating-content__item--style2, .social, .btn-group, .text-btn, .trk-btn--outline3, .trk-btn--outline22, .trk-btn--outline2, .trk-btn--left span, .trk-btn--left, .trk-btn--arrowplay, .trk-btn--defult, .footer__end-links, .footer__end-copyright, .footer__app-inner, .footer__app, .account__check, .contact__item-inner, .banner--style3 .banner__counter-inner, .subtitle, .header-wrapper .menu-area .header-btn, .header-wrapper .menu-area, .header-wrapper, .paginations ul li:not(:first-child, :last-child) a, .paginations ul li a, .swiper-nav",,,,,
".about__icon-inner, .social__link--style4, .social__link--style6, .social__link--style5, .social__link--style3, .social__link--style22, .social__link--style2, .social__link--style1, .lightdark-switch span, .contact__item-thumb span, .swiper-nav__btn",,,,,
".about--style3 .about__content h2, .about__content--style2 .about__content-inner h2, .about__content--style2 .about__content-details h5, .about__content-inner h2, .roadmap--style1 .roadmap__item-header h3, .accordion__button, .comment__action a, .service-details__team h5, .error__content h2, .tags--style2 ul li a, .tags ul li a, .cta__subscribe h2, .blog-details__segment-content h5, .blog-details__content h3, .blog__content h5, .feature--style1 .feature__item-content h6, .floating-content__item--style2 p, .text-btn, .account__check-forgot a, .contact__social h3, .banner--style3 .banner__counter-item p, .banner__content-heading, .page-header__content h2, .section-header h2",,,,,
".roadmap--style2 .roadmap__upper-inner::after, .cta__shape-item--2, .account__thumb img, .banner--style2 .banner__wrapper--style2::after, .swiper-nav--style2 .swiper-nav__btn", none,,,,
".about--style3 .about__content ul li, .banner--style3 .banner__counter-inner, .header-wrapper  a", block,,,,
".about__content--style2 .about__content-inner, .roadmap--style2 .roadmap__upper-inner, .roadmap--style1 .roadmap__item-header, .accordion__button, .comment__author, .comment__head, .tags--style2 ul, .tags ul, .sidebar__categorie-body ul li, .sidebar__recentpost-inner, .testimonial__author, .testimonial__footer, .blog-details__action-inner, .blog__writer, .floating-content__item--style4, .floating-content__item--style2, .social, .btn-group, .footer__end-links, .footer__app-inner, .footer__app, .account__check, .contact__item-inner, .subtitle, .menu, .header-wrapper .menu-area .header-btn, .header-wrapper .menu-area, .header-wrapper, .paginations ul li:not(:first-child, :last-child) a, .paginations ul li a, .swiper-nav", flex,,,,
".about__icon-inner, .blog-details__meta ul, .social__link--style4, .social__link--style6, .social__link--style5, .social__link--style3, .social__link--style22, .social__link--style2, .social__link--style1, .lightdark-switch span, .contact__item-thumb span, .swiper-nav__btn", grid,,,,
".blog__meta-tag, .trk-btn, .footer__linklist-item a, .account__switch a, .account__social-btn span, .header-bar span", inline-block,,,,
".blog-details__meta ul li, .service__thumb-inner, .trk-btn--outline3, .trk-btn--outline22, .trk-btn--outline2, .trk-btn--left span, .trk-btn--left, .trk-btn--arrowplay, .trk-btn--defult, .footer__end-copyright", inline-flex,,,,
".about__thumb--style2, .about__thumb-image img, .about__thumb-image, .about, .roadmap--style2 .roadmap__item-inner, .roadmap--style2 .roadmap__item, .roadmap--style2 .roadmap__upper-inner, .roadmap--style1 .roadmap__item-inner, .roadmap--style1 .roadmap__wrapper, .roadmap, .accordion__button-plusicon, .service-details__team, .faq__thumb--style1, .faq, .sidebar__search form, .sidebar__head, .story__thumb-inner, .story__wrapper, .story, .cta--style2, .cta__thumb, .cta__newsletter-inner, .cta__wrapper, .testimonial__wrapper, .blog-details, .blog__wrapper, .blog, .team__item-thumb, .team__item-inner, .pricing__item-top, .pricing__item, .pricing, .service__item-inner, .service, .feature--style1 .feature__wrapper, .feature--style1 .feature, .feature, .partner--gradient, .partner__wrapper, .social__link--style3, .text-btn, .trk-btn, .footer__linklist-item a, .footer__app-inner, .footer__wrapper, .footer, .account__divider--style1, .account__wrapper, .account, .contact__wrapper, .contact, .banner--style3 .banner, .banner--style3, .banner--style2 .banner__content, .banner--style2, .banner--style1, .page-header, .section-header, .menu-item-has-children > a, .header-bar, .header-section--style1, .header-section, .paginations ul li:not(:first-child, :last-child) a, .paginations ul li a, .form-pass",,,,,
".about__shape--style2 .about__shape-item, .about__shape--style1 .about__shape-item, .about__thumb--style2::after, .roadmap--style2 .roadmap__upper-inner::after, .roadmap--style1 .roadmap__shape-item, .accordion__button-plusicon:before, .accordion__button-plusicon:after, .faq__shape-item--3, .faq__shape-item--2, .faq__shape-item--1, .faq__shape-item, .sidebar__search form button, .story__shape-item, .story__thumb-playbtn, .cta__shape-item, .blog__shape-item, .blog__bg-element img, .team__item-shape3, .team__item-shape2, .team__item-shape1, .team__item-content, .pricing__shape-item--6, .pricing__shape-item--5, .pricing__shape-item, .service__shape-item--2, .service__shape-item, .feature--style2 .feature__shape-item, .feature--style1 .feature__shape-item, .partner--gradient::after, .partner--gradient:before, .floating-content__bottom-right, .floating-content__bottom-left, .floating-content__left-top, .floating-content__top-right, .floating-content__top-left, .text-btn--style2::after, .text-btn::after, .trk-btn:after, .footer__shape-item, .footer__linklist-item a::after, .account__shape-item, .account__divider--style1:before, .account__divider--style1 span, .contact__shape-item, .banner--style3 .banner__bg, .banner--style2 .banner__wrapper--style2::after, .banner__shape-item, .banner__bg-element span, .banner__bg-element img, .page-header__shape-item, .menu-item-has-children > a::after, .header-bar span, .header-section--style3, .header-section--style2, .swiper-nav--style2 .swiper-nav__btn-next, .swiper-nav--style2 .swiper-nav__btn-prev, .form-pass__ctoggle, .form-pass__toggle",,,,,
.lightdark-switch span,,,,,
.story__thumb-playbtn,,,,,
".about__icon-inner, .about__thumb--style2, .roadmap--style2 .roadmap__item-inner, .faq__thumb--style1, .team__item-author, .social__link, .trk-btn--outline4, .trk-btn--outline3, .trk-btn--outline22, .trk-btn--outline2, .trk-btn--outline, .trk-btn--defult, .trk-btn, .account__switch, .section-header--max65, .section-header--max57, .section-header--max50",,,,,
".accordion__button, .floating-content__top-left--style2, .floating-content__item--style4, .floating-content__item--style2 p",,,,,
".tags--style2 ul li a, .tags ul li a, .sidebar__categorie-body ul li span,
.sidebar__categorie-body ul li a, .floating-content__item p, .text-btn.text-btn--small, .account__switch p a.style2, .account__switch p a, .account__switch p, .account__social-btn, .account__check-remember label, .paginations ul li a",,,,,
".accordion__button, .comment__action a, .service-details__team h5, .sidebar__categorie-body ul li.active span,
.sidebar__categorie-body ul li.active a, .sidebar__categorie-body ul li:hover span,
.sidebar__categorie-body ul li:hover a, .sidebar__recentpost-content p, .blog-details__segment-content h5, .service__content h5, .footer__app-content p, .subtitle--style5, .subtitle--style4 p",,,,,
".about--style3 .about__content ul li, .roadmap--style1 .roadmap__item-header span, .comment__author-info h6, .sidebar__head h6, .blog__meta-tag, .blog__writer-designation p, .blog__writer-designation h6, .blog__content h5, .team--details .team__content > span, .team--details .team__content h4, .team__item-authorinfo h6, .pricing__item-top h3 span, .service__item--style2 .service__content h5, .feature--style1 .feature__item-content h6, .floating-content__item--style4 p, .trk-btn, .footer__end-copyright a, .form-label, .account__divider--style1 span, .account__check-forgot a, .contact__item-content p, .page-header .breadcrumb-item",,,,,
".team__item-author--style2 .team__item-authorinfo h6, .floating-content__item--style2 p, .floating-content__item p.style2, .floating-content__item h3, .account__switch a, .banner--style3 .banner__counter-item h4 span, .banner--style3 .banner__counter-item h4, .banner__content-social p, .paginations ul li:not(:first-child, :last-child) a, .swiper-nav__btn i,
.swiper-nav__btn svg, .cta-form .cta-btn",,,,,
".about__content--style2 .about__content-details h5, .roadmap--style2 .roadmap__item-content h5, .roadmap--style1 .roadmap__item-content p, .sidebar__recentpost-content p, .sidebar__head h4, .sidebar__head h6, .sidebar__head h3, .testimonial__author-designation h6, .pricing__list, .feature--style1 .feature__item-content h6, .floating-content__item p, .social, .footer__app-content span, .account__switch p, .contact__item-content p, .banner--style3 .banner__counter-item p, .banner--style3 .banner__btn-group, .section-header h2, .menu, ul,
ol",,,,,
".about--style3 .about__content ul, .floating-content__item h3, .form-label",,,,,
".trk-btn span svg,
.trk-btn span img, .account__switch a",,,,,
".about--style3 .about__content ul li span img, .sidebar__categorie-body ul li a i, .pricing__list-item span, .trk-btn svg,
.trk-btn i, .account__switch p i,
.account__switch p svg",,,,,
".banner--style3 .banner__counter-item p, .banner__content",,,,,
".comment__author-info h6, .error__content h2, .blog-details__content h3, .team--details .team__content .designation, .feature--style2 .feature__item-content p, .feature--style2 .feature__item-content h5, .footer__linklist-item:not(:last-child), .account__header h2, .section-header--style2",,,,,
".text-btn span, .text-btn i,
.text-btn svg",,,,,
".text-btn.text-btn--small span, .account__switch:hover p i,
.account__switch:hover p svg, .account__social-btn span, .cta-form .form-control--style2",,,,,
".comment__body-inner, .account__check, .progress",,,,,
".about--style3 .about__content ul li:not(:last-child), .nav--feature .nav-link:not(:last-child), .sidebar__categorie-body ul li, .pricing__list-item:not(:last-child), .banner__content-social p, .page-header__content h2",,,,,
".text-btn:hover i,
.text-btn:hover svg",,,,,
.about__content,,,,,
".footer__end-links, .footer__end-copyright, .footer__links-tittle h6, .footer__about-logo img, .banner__content-moto, .banner__content-coin",,,,,
".about--style3 .about__content ul, .team--details .team__content .info, .footer__end-links",,,,,
".about--style3 .about__content a, .about__content-inner a, .testimonial__footer, .account__switch",,,,,
".about--style3 .about__content-icon, .about__content:not(:last-child), .error__thumb img, .sidebar__recentpost-body ul li, .cta__subscribe p, .footer__about-moto, .contact__item:not(:last-child), .banner__content-coin--style2",,,,,
".sidebar__comment-item--reply, .header-bar",,,,,
.account__divider--style2,,,,,
".error__content a, .account__divider--style1",,,,,
".blog-details__segment-item, .blog-details__content, .blog-details__thumb, .account__check",,,,,
".sidebar__comment, .blog-details__commentform",,,,,
".sidebar__comment-item, .account__header, .contact__social h3, .banner__btn-group, .section-header",,,,,
.contact__social,,,,,
".pricing__list, .social, ul,
ol",,,,,
.lightdark-switch span,, 5px,,,
.footer__app-inner,,,,,
.paginations ul li,,,,,
.footer__app-inner,,,,,
".cta-form .form-control--style2, .cta-form .form-control--style1",,,,,
.footer__app-inner,,,,,
".comment__body-inner, .sidebar__search form input, .team__item-author--style2 .team__item-authorinfo, .contact__item-thumb span",, 15px,,,
.header-bottom,,,,,
".sidebar__head h6, .sidebar__head h3",,,,,
".blog__meta, .floating-content__item, .header-wrapper, .cta-form .cta-btn",,,,,
.service__item-inner,,,,,
".error__inner, .account__content--style1",, 20px,,,
".accordion--style1 .accordion__button, .service-details__faq",,,,,
".service-details__faq, .team__item-author--style2 .team__item-authorsocial, .floating-content__item, .cta-form .form-control--style2, .cta-form .form-control--style1",,,,,
".roadmap--style2 .roadmap__item-inner, .accordion--style2 .accordion__button, .nav--feature .nav-link, .sidebar__tags, .sidebar__social, .sidebar__categorie, .sidebar__recentpost, .sidebar__search, .testimonial__item--style2 .testimonial__item-inner, .service__thumb-inner, .banner--style3 .banner__counter-item",, 25px,,,
".sidebar__comment-body, .sidebar__tags-body, .sidebar__categorie-body, .sidebar__recentpost-body, .blog__item-inner",,,,,
".accordion--style2 .accordion__body, .blog-details__meta, .team__item-author--style2 .team__item-authorsocial",,,,,
".blog-details__action-inner, .footer__end",,,,,
".accordion--style2 .accordion__body, .blog__item-inner, .pricing__item-inner, .cta-form .cta-btn",,,,,
".service-details__item-inner, .sidebar__comment, .blog-details__commentform, .blog-details__item-inner, .account__content--style2",, 30px,,,
".testimonial__item-content p, .blog__item-inner",,,,,
".pricing__item-inner, .partner",,,,,
.cta__newsletter-inner,,,,,
".blog__item--style2, .account__divider--style1",,,,,
.service__item-inner,,,,,
.testimonial__item--style1 .testimonial__item-inner,, 40px,,,
".testimonial__slider, .testimonial__slider2",,,,,
.pricing__item-middle,,,,,
.cta__newsletter-inner,,,,,
".about, .roadmap--style1 .roadmap__wrapper, .roadmap, .accordion__item, .service-details, .sidebar__categorie-body ul li span,
.sidebar__categorie-body ul li a, .sidebar__recentpost-thumb, .sidebar, .story, .cta, .testimonial, .blog-details__thumb, .blog-details, .blog__thumb, .blog__item-inner, .blog, .team--details .team__thumb, .team__item-thumb, .team__item-inner, .pricing, .service, .feature--style1 .feature, .feature, .lightdark-switch span, .preloader, .trk-btn, .footer, .account, .contact, .banner--style3, .banner--style2, .banner--style1, .page-header, .blog__content h5, .feature--style2 .feature__item-content h5, .sidebar__recentpost-content p a, .blog__content p",,,,,
".about, .roadmap--style1 .roadmap__wrapper, .roadmap, .accordion__item, .service-details, .sidebar__categorie-body ul li span,
.sidebar__categorie-body ul li a, .sidebar__recentpost-thumb, .sidebar, .story, .cta, .testimonial, .blog-details__thumb, .blog-details, .blog__thumb, .blog__item-inner, .blog, .team--details .team__thumb, .team__item-thumb, .team__item-inner, .pricing, .service, .feature--style1 .feature, .feature, .lightdark-switch span, .preloader, .trk-btn, .footer, .account, .contact, .banner--style3, .banner--style2, .banner--style1, .page-header, .blog__content h5, .feature--style2 .feature__item-content h5, .sidebar__recentpost-content p a, .blog__content p",,,,,
.header-bar,,,,,
".accordion__button, .sidebar__recentpost-thumb img, .blog-details__thumb img, .blog__thumb img, .blog__bg-element img, .team--details .team__thumb img, .team__item-thumb img, input,
textarea, .account__social-btn, .banner__bg-element span, .banner__bg-element img, .header-bar span, .header-section.header-fixed, .header-section--style3.header-fixed, .header-section--style2.header-fixed, .header-section--style1.header-fixed",,,,,
".social, ul,
ol",,,,,
".sidebar__recentpost-content p a, .blog__content p", -webkit-box,,,,
".blog__content h5, .feature--style2 .feature__item-content h5", -webkit-box,,,,
*,,,,,
.m-l0,,,,,
.p-l0,,,,,
.m-r0,,,,,
.p-r0,,,,,
.m-t0,,,,,
.p-t0,,,,,
.m-b0,,,,,
.p-b0,,,,,
.m-0,,,,,
.p-0,, 0px,,,
.m-l10,,,,,
.p-l10,,,,,
.m-r10,,,,,
.p-r10,,,,,
.m-t10,,,,,
.p-t10,,,,,
.m-b10,,,,,
.p-b10,,,,,
.m-10,,,,,
.p-10,, 10px,,,
.m-l20,,,,,
.p-l20,,,,,
.m-r20,,,,,
.p-r20,,,,,
.m-t20,,,,,
.p-t20,,,,,
.m-b20,,,,,
.p-b20,,,,,
.m-20,,,,,
.p-20,, 20px,,,
.m-l30,,,,,
.p-l30,,,,,
.m-r30,,,,,
.p-r30,,,,,
.m-t30,,,,,
.p-t30,,,,,
.m-b30,,,,,
.p-b30,,,,,
.m-30,,,,,
.p-30,, 30px,,,
.m-l50,,,,,
.p-l50,,,,,
.m-r50,,,,,
.p-r50,,,,,
.m-t50,,,,,
.p-t50,,,,,
.m-b50,,,,,
.p-b50,,,,,
.m-50,,,,,
.p-50,, 50px,,,
html,,,,,
body,,,,,
main, block,,,,
h1,,,,, 2em
hr,,,,,
pre,,," monospace, monospace",, 1em
a,,,,,
abbr[title],,,,,
"b,
strong",,,,,
"code,
kbd,
samp",,," monospace, monospace",, 1em
small,,,,, 80%
"sub,
sup",,,,, 75%
sub,,,,,
sup,,,,,
img,,,,,
"button,
input,
optgroup,
select,
textarea",,, inherit,, 100%
"button,
input",,,,,
"button,
select",,,,,
"button,
[type=button],
[type=reset],
[type=submit]",,,,,
"button::-moz-focus-inner,
[type=button]::-moz-focus-inner,
[type=reset]::-moz-focus-inner,
[type=submit]::-moz-focus-inner",, 0,,,
"button:-moz-focusring,
[type=button]:-moz-focusring,
[type=reset]:-moz-focusring,
[type=submit]:-moz-focusring",,,,,
fieldset,, 0.35em 0.75em 0.625em,,,
legend, table, 0,, inherit,
progress,,,,,
textarea,,,,,
"[type=checkbox],
[type=radio]",, 0,,,
"[type=number]::-webkit-inner-spin-button,
[type=number]::-webkit-outer-spin-button",,,,,
[type=search],,,,,
[type=search]::-webkit-search-decoration,,,,,
::-webkit-file-upload-button,,,,,
details, block,,,,
summary, list-item,,,,
template, none,,,,
[hidden], none,,,,
body,,," ""Open Sans"", sans-serif", var(--text-color), 1rem
"h1,
h2,
h3,
h4,
h5,
h6",,," ""Anek Telugu"", sans-serif", var(--title-color),
"h1 a,
h2 a,
h3 a,
h4 a,
h5 a,
h6 a",,, inherit, inherit,
h1,,,,,
h1,,,,, calc(1.5rem + 2.5714285714vw)
h2,,,,, calc(1.425rem + 1.8vw)
h3,,,,, calc(1.325rem + 0.7714285714vw)
h4,,,,, calc(1.3rem + 0.5142857143vw)
h5,,,,, calc(1.275rem + 0.2571428571vw)
h6,,,,, 1.25rem
img,,,,,
a,,,, var(--text-color),
"ul,
ol",,,,,
.bg-image,,,,,
.of-hidden,,,,,
.scrollToTop,,,, #0C263A,
.scrollToTop--home1,,,,,
.scrollToTop:hover,,,, #0C263A,
.cta-form,,,,,
.cta-form .form-control,,,,,
.cta-form .form-control ::placeholder,,,,,
.cta-form .form-control:focus,,,,,
.cta-form .form-control--style1,,,,,
.cta-form .form-control--style2,,,, #0C263A,
.cta-form .form-control--style2::placeholder,,,, #6B777F,
.cta-form .cta-btn,,,,, 1rem
".form-pass__ctoggle, .form-pass__toggle",,,, var(--text-color),
.swiper-nav,,,,,
.swiper-nav__btn,,,,,
".swiper-nav__btn i,
.swiper-nav__btn svg",,,, var(--title-color), 1.125rem
".swiper-nav__btn.active, .swiper-nav__btn:hover",,,,,
".swiper-nav__btn.active i,
.swiper-nav__btn.active svg, .swiper-nav__btn:hover i,
.swiper-nav__btn:hover svg",,,, var(--title-color),
.swiper-nav--style2 .swiper-nav__btn,,,,,
".swiper-nav--style2 .swiper-nav__btn i,
.swiper-nav--style2 .swiper-nav__btn svg",,,, var(--title-color),
.swiper-nav--style2 .swiper-nav__btn-prev,,,,,
".swiper-nav--style2 .swiper-nav__btn-prev i,
.swiper-nav--style2 .swiper-nav__btn-prev svg",,,, var(--title-color),
.swiper-nav--style2 .swiper-nav__btn-next,,,,,
".swiper-nav--style2 .swiper-nav__btn-next i,
.swiper-nav--style2 .swiper-nav__btn-next svg",,,, var(--bg-white),
".swiper-nav--style2 .swiper-nav__btn.active, .swiper-nav--style2 .swiper-nav__btn:hover",,,,,
".swiper-nav--style2 .swiper-nav__btn.active i,
.swiper-nav--style2 .swiper-nav__btn.active svg, .swiper-nav--style2 .swiper-nav__btn:hover i,
.swiper-nav--style2 .swiper-nav__btn:hover svg",,,, var(--bg-white),
.progress-bar,,,,,
.paginations,, 12px 16px,,,
.paginations ul li a,,,, var(--text-color), 1rem
".paginations ul li a.active, .paginations ul li a:hover",,,, var(--brand-color),
".paginations ul li a.active i,
.paginations ul li a.active svg, .paginations ul li a:hover i,
.paginations ul li a:hover svg",,,, var(--brand-color),
".paginations ul li:not(:first-child, :last-child) a",,,, var(--title-color),
".paginations ul li:not(:first-child, :last-child) a.active, .paginations ul li:not(:first-child, :last-child) a:hover",,,, var(--brand-color),
".paginations ul li:not(:first-child, :last-child) a.dot",,,, var(--brand-color),
".paginations ul li:not(:first-child, :last-child) a.dot:hover",,,, var(--brand-color),
.gradient-text--brand1,,,,,
.bg-body-color,,,,,
.bg-color,,,,,
.bg-grad-color,,,,,
.bg-color-1,,,,,
.bg-color-2,,,,,
.bg-color-3,,,,,
.bg-color-4,,,,,
.bg-color-5,,,,,
.section-bg-color,,,,,
.sec-bg-color2,,,,,
.feature-bg-color,,,,,
.bg-color-7,,,,,
.bg-color-8,,,,,
.bg-color-9,,,,,
.bg-color-10,,,,,
.mt-minus-5,,,,,
.padding-top,,,,,
.padding-top--style2,,,,,
.padding-bottom,,,,,
.padding-bottom-style2,,,,,
"h1,
h2,
h3,
h4,
h5,
h6",,,, var(--title-color),
"h1 a,
h2 a,
h3 a,
h4 a,
h5 a,
h6 a",,,, inherit,
.subtitle,,,, var(--title-color), 1.125rem
.bg--cover,,,,,
.bg--full,,,,,
.bg--defult,,,,,
.d-block,,,,,
.br-16,,,,,
.m-10,,,,,
.mt-10,,,,,
.mb-10,,,,,
.ms-10,,,,,
.me-10,,,,,
.my-10,,,,,
.mx-10,,,,,
.m-15,,,,,
.mt-15,,,,,
.mb-15,,,,,
.ms-15,,,,,
.me-15,,,,,
.my-15,,,,,
.mx-15,,,,,
.m-20,,,,,
.mt-20,,,,,
".mb-20, .subtitle",,,,,
.ms-20,,,,,
.me-20,,,,,
.my-20,,,,,
.mx-20,,,,,
.m-25,,,,,
.mt-25,,,,,
.mb-25,,,,,
.ms-25,,,,,
.me-25,,,,,
.my-25,,,,,
.mx-25,,,,,
.m-30,,,,,
.mt-30,,,,,
.mb-30,,,,,
.ms-30,,,,,
.me-30,,,,,
.my-30,,,,,
.mx-30,,,,,
.m-35,,,,,
.mt-35,,,,,
.mb-35,,,,,
.ms-35,,,,,
.me-35,,,,,
.my-35,,,,,
.mx-35,,,,,
.m-40,,,,,
.mt-40,,,,,
.mb-40,,,,,
.ms-40,,,,,
.me-40,,,,,
.my-40,,,,,
.mx-40,,,,,
.m-45,,,,,
.mt-45,,,,,
.mb-45,,,,,
.ms-45,,,,,
.me-45,,,,,
.my-45,,,,,
.mx-45,,,,,
.m-50,,,,,
.mt-50,,,,,
.mb-50,,,,,
.ms-50,,,,,
.me-50,,,,,
.my-50,,,,,
.mx-50,,,,,
.m-55,,,,,
.mt-55,,,,,
.mb-55,,,,,
.ms-55,,,,,
.me-55,,,,,
.my-55,,,,,
.mx-55,,,,,
.m-60,,,,,
.mt-60,,,,,
.mb-60,,,,,
.ms-60,,,,,
.me-60,,,,,
.my-60,,,,,
.mx-60,,,,,
.m-65,,,,,
.mt-65,,,,,
.mb-65,,,,,
.ms-65,,,,,
.me-65,,,,,
.my-65,,,,,
.mx-65,,,,,
.m-70,,,,,
.mt-70,,,,,
.mb-70,,,,,
.ms-70,,,,,
.me-70,,,,,
.my-70,,,,,
.mx-70,,,,,
.m-75,,,,,
.mt-75,,,,,
.mb-75,,,,,
.ms-75,,,,,
.me-75,,,,,
.my-75,,,,,
.mx-75,,,,,
.m-80,,,,,
.mt-80,,,,,
.mb-80,,,,,
.ms-80,,,,,
.me-80,,,,,
.my-80,,,,,
.mx-80,,,,,
.m-85,,,,,
.mt-85,,,,,
.mb-85,,,,,
.ms-85,,,,,
.me-85,,,,,
.my-85,,,,,
.mx-85,,,,,
.m-90,,,,,
.mt-90,,,,,
.mb-90,,,,,
.ms-90,,,,,
.me-90,,,,,
.my-90,,,,,
.mx-90,,,,,
.m-95,,,,,
.mt-95,,,,,
.mb-95,,,,,
.ms-95,,,,,
.me-95,,,,,
.my-95,,,,,
.mx-95,,,,,
.m-100,,,,,
.mt-100,,,,,
.mb-100,,,,,
.ms-100,,,,,
.me-100,,,,,
.my-100,,,,,
.mx-100,,,,,
.p-10,, 10px ,,,
.pt-10,,,,,
.pb-10,,,,,
.ps-10,,,,,
.pe-10,,,,,
.py-10,,,,,
.px-10,,,,,
.p-15,, 15px ,,,
.pt-15,,,,,
.pb-15,,,,,
.ps-15,,,,,
.pe-15,,,,,
.py-15,,,,,
.px-15,,,,,
.p-20,, 20px ,,,
.pt-20,,,,,
.pb-20,,,,,
.ps-20,,,,,
.pe-20,,,,,
.py-20,,,,,
.px-20,,,,,
.p-25,, 25px ,,,
.pt-25,,,,,
.pb-25,,,,,
.ps-25,,,,,
.pe-25,,,,,
.py-25,,,,,
.px-25,,,,,
.p-30,, 30px ,,,
.pt-30,,,,,
.pb-30,,,,,
.ps-30,,,,,
.pe-30,,,,,
.py-30,,,,,
.px-30,,,,,
.p-35,, 35px ,,,
.pt-35,,,,,
.pb-35,,,,,
.ps-35,,,,,
.pe-35,,,,,
.py-35,,,,,
.px-35,,,,,
.p-40,, 40px ,,,
.pt-40,,,,,
.pb-40,,,,,
.ps-40,,,,,
.pe-40,,,,,
.py-40,,,,,
.px-40,,,,,
.p-45,, 45px ,,,
.pt-45,,,,,
.pb-45,,,,,
.ps-45,,,,,
.pe-45,,,,,
.py-45,,,,,
.px-45,,,,,
.p-50,, 50px ,,,
.pt-50,,,,,
.pb-50,,,,,
.ps-50,,,,,
.pe-50,,,,,
.py-50,,,,,
.px-50,,,,,
.p-55,, 55px ,,,
.pt-55,,,,,
.pb-55,,,,,
.ps-55,,,,,
.pe-55,,,,,
.py-55,,,,,
.px-55,,,,,
.p-60,, 60px ,,,
.pt-60,,,,,
.pb-60,,,,,
.ps-60,,,,,
.pe-60,,,,,
.py-60,,,,,
.px-60,,,,,
.p-65,, 65px ,,,
.pt-65,,,,,
.pb-65,,,,,
.ps-65,,,,,
.pe-65,,,,,
.py-65,,,,,
.px-65,,,,,
.p-70,, 70px ,,,
.pt-70,,,,,
.pb-70,,,,,
.ps-70,,,,,
.pe-70,,,,,
.py-70,,,,,
.px-70,,,,,
.p-75,, 75px ,,,
.pt-75,,,,,
.pb-75,,,,,
.ps-75,,,,,
.pe-75,,,,,
.py-75,,,,,
.px-75,,,,,
.p-80,, 80px ,,,
.pt-80,,,,,
.pb-80,,,,,
.ps-80,,,,,
.pe-80,,,,,
.py-80,,,,,
.px-80,,,,,
.p-85,, 85px ,,,
.pt-85,,,,,
.pb-85,,,,,
.ps-85,,,,,
.pe-85,,,,,
.py-85,,,,,
.px-85,,,,,
.p-90,, 90px ,,,
.pt-90,,,,,
.pb-90,,,,,
.ps-90,,,,,
.pe-90,,,,,
.py-90,,,,,
.px-90,,,,,
.p-95,, 95px ,,,
.pt-95,,,,,
.pb-95,,,,,
.ps-95,,,,,
.pe-95,,,,,
.py-95,,,,,
.px-95,,,,,
.p-100,, 100px ,,,
.pt-100,,,,,
.pb-100,,,,,
.ps-100,,,,,
.pe-100,,,,,
.py-100,,,,,
.px-100,,,,,
.header-section,,,,,
.header-section--style1,,,,,
.header-section--style1.header-fixed,,,,,
.header-section--style2,,,,,
.header-section--style2.header-fixed,,,,,
.header-section--style3,,,,,
.header-section--style3.header-fixed,,,,,
.header-section.header-fixed,,,,,
.header-wrapper .logo a img,,,,,
.header-wrapper .menu-area .header-btn,,,,,
.header-wrapper .menu-area .header-btn .dark-btn,,,,,
.menu,,,,,
.menu > li > a,, 15px 22px," ""Open Sans"", sans-serif", white, 1rem
.menu > li > a span,, 1px 5px,, var(--bg-white), 0.75rem
.menu > li > a span.style1,,,,,
.menu > li > a span.style2,,,,,
.menu > li > a i,,,,,
.menu > li > a:after,,,,,
.menu > li > a::before,,,,,
.menu--style1 li a,,,, var(--title-color),
.menu--style2 li a,,,, var(--bg-white),
.header-bar,,,,,
.header-bar span,,,,,
.header-bar span:first-child,,,,,
.header-bar span:nth-child(2),,,,,
.header-bar span:last-child,,,,,
.header-bar--style1 span,,,,,
.header-bar--style2 span,,,,,
.header-bar.active span:first-child,,,,,
.header-bar.active span:nth-child(2),,,,,
.header-bar.active span:last-child,,,,,
.menu-item-has-children > a::after,,," ""FontAwesome""",,
.menu-item-has-children:hover > a::after,,,,,
.menu-item-has-children.open > a::after,,,,,
.section-header,,,,,
.section-header--style2 h2,,,,,
.section-header--style3 h2,,,, var(--bg-white),
.section-header--style3 p,,,, var(--bg-white),
.section-header__content h2 span,,,, var(--secondary-color),
.section-header__content h2 span.style2,,,, var(--brand-color),
.section-header__content p,,,,,
.section-header__content--style3,,,,,
.section-header h2 span,,,, var(--secondary-color),
.section-header h2 span.style2,,,, var(--brand-color),
.section-header p,,,,,
.section-header p.mute,,,, var(--text-color),
.section-header--max18 h2,,,,,
.section-header--max20 h2,,,,,
.section-header--max50,,,,,
.section-header--max57,,,,,
.section-header--max65,,,,,
.subtitle,,,,,
.subtitle p,,," ""Anek Telugu"", sans-serif",, 1.25rem
.subtitle--style2,,,, var(--secondary-color),
.subtitle--style3 p,,," ""Anek Telugu"", sans-serif", var(--secondary-color), 1.125rem
.subtitle--style4 p,,,, var(--title-color), 1.125rem
.subtitle--style4 p::before,,,,,
.subtitle--style5,,,, var(--title-color), 1.125rem
.page-header,,,,,
.page-header__content h2,,,, var(--bg-white),
.page-header .breadcrumb-item,,,, var(--brand-color), 1.125rem
.page-header .breadcrumb-item a,,,, var(--brand-color),
.page-header .breadcrumb-item:before,,,, var(--bg-white),
".page-header .breadcrumb-item.active, .page-header .breadcrumb-item:hover",,,, var(--bg-white),
.page-header__shape-item--1, none,,,,
.banner__bg-element img,,,,,
.banner__bg-element span,,,,,
.banner__content-coin img,,,,,
.banner__content-coin--style2 img,,,,,
.banner__content-heading span,,,, var(--secondary-color),
.banner__content-heading--style2,,,,,
.banner__content-moto,,,, var(--text-color),
.banner__content-social p,,,, var(--title-color), 1.125rem
.banner__content--style2 h1,,,,,
.banner__shape-item--1,,,,,
.banner__shape-item--2,,,,,
.banner__shape-item--3,,,,,
.banner__shape-item--4,,,,,
.banner--style1,,,,,
.banner--style2,,,,,
.banner--style2 .bg-shape-svg, none,,,,
.banner--style2 .banner__content,,,,,
.banner--style2 .banner__content h1,,,, var(--bg-white),
.banner--style2 .banner__content p,,,, var(--text-color-3),
.banner--style2 .banner__content-playbtn,,,, var(--bg-white),
".banner--style2 .banner__content-playbtn i,
.banner--style2 .banner__content-playbtn svg",,,, var(--bg-white),
.banner--style2 .banner__wrapper--style2::after,,,,,
.banner--style3,,,,,
.banner--style3 .banner__thumb img,,,,,
.banner--style3 .banner__counter-item,,,,,
.banner--style3 .banner__counter-item:not(:last-child),,,,,
.banner--style3 .banner__counter-item h4,,," ""Open Sans"", sans-serif",,
.banner--style3 .banner__counter-item h4 span,,, inherit, inherit, inherit
.banner--style3 .banner__counter-item p,,," ""Open Sans"", sans-serif",, 1.125rem
.banner--style3 .banner__bg,,,,,
.contact__wrapper,,,,,
.contact__social h3,,,,,
.contact__social h3 span,,,, var(--secondary-color),
.contact__item-inner,,,,,
.contact__item-thumb span,,,,,
.contact__form textarea,,,,,
.contact__shape-item--1,,,,,
.contact__shape-item--2, none, 40px,,,
.contact__shape-item--2 span,,,,,
.account__wrapper,,,,,
.account__content--style1,,,,,
.account__content--style2,,,,,
.account__inner,,,,,
.account__header p,,,,, 1rem
.account__check-remember input,,,,,
.account__check-remember input:focus,,,,,
.account__check-remember input:checked,,,,,
.account__check-remember label,,,, var(--title-color), 1rem
.account__check-forgot a,,,, var(--secondary-color), 1rem
.account__social-btn, inline-flex, 16px 24px,, var(--title-color), 1rem
.account__social-btn:hover,,,,,
.account__divider--style1 span,, 20px,, var(--title-color), 1.125rem
.account__divider--style1:before,,,,,
.account__divider--style2 span,,,, var(--text-color),
.account__switch p,,,,, 1rem
".account__switch p i,
.account__switch p svg",,,,,
.account__switch p a,,,, var(--secondary-color),
.account__switch p a.style2,,,, var(--text-color), 1rem
.account__switch a,,,,, 1.125rem
.account__switch a span,,,, var(--secondary-color),
.account__shape-item--1,,,,,
"input,
textarea",, 1rem 2rem,, var(--text-color),
"input.style1,
textarea.style1",,,, var(--wh-color),
"input.style1::placeholder,
textarea.style1::placeholder",,,, var(--text-color),
"input::placeholder,
textarea::placeholder",,,," rgba(var(--text-color-light), 0.3)",
"input:focus-within,
textarea:focus-within",,,,,
.form-control,, 13px 20px,,,
.form-control:focus,,,,,
.form-label,,," ""Open Sans"", sans-serif", var(--title-color), 1.125rem
.input-group,,,,,
.input-group:focus-within,,,,,
".input-group .valid-tooltip,
.input-group .invalid-tooltip",,,,,
.input-group .valid-tooltip,,,, var(--success-color),
.input-group .invalid-tooltip,,,, var(--error-color),
.showhide-pass,,,,,
.footer,,,, var(--wh-color),
.footer__wrapper,,,,,
.footer__top--style1,,,,,
.footer__top--style2,,,,,
.footer__app,,,,,
.footer__app-inner,,,,,
.footer__app-item--apple,,,, #0C263A,
.footer__app-item--playstore,,,, var(--bg-white),
.footer__app-content,,,,,
.footer__app-content span,,,,, 0.5rem
.footer__app-content p,,,,, 0.875rem
.footer__about-moto,,,, var(--text-color-2),
.footer__links-tittle h6,,,, var(--bg-white),
.footer__linklist-item p,,,, var(--text-color),
.footer__linklist-item a,,,, var(--text-color-2),
.footer__linklist-item a::after,,,,,
.footer__linklist-item a:hover,,,, var(--brand-color),
.footer__linklist-item a:hover::after,,,,,
.footer__end,,,, var(--text-color-2), 1rem
.footer__end-copyright a,,,, var(--brand-color),
.footer__end-item a,,,, var(--text-color),
.footer__shape-item--1,,,,,
.footer__shape-item--2, none, 40px,,,
.footer__shape-item--2 span,,,,,
.footer__shape-item--3,,,,,
.footer__shape-item--4, none,,,,
.footer__shape-item--5,,,,,
.trk-btn,, 0.75rem 1rem," ""Open Sans"", sans-serif", #0C263A, 1rem
.trk-btn:after,,,,,
.trk-btn--small,, 0.75rem 1.5rem,,,
".trk-btn svg,
.trk-btn i",,,,,
".trk-btn--arrow span i,
.trk-btn--arrow span svg",,,,, 1rem
".trk-btn--arrow span.style2 i,
.trk-btn--arrow span.style2 svg",,,,, 1.125rem
.trk-btn--defult,, 0.53rem 1rem,, var(--title-color),
.trk-btn--defult span.style1 svg,,,,,
.trk-btn--defult span.style1 svg rect,,,,,
.trk-btn--defult span.style1 svg g path,,,,,
.trk-btn--arrowplay,, 0.53rem 1rem,,,
".trk-btn--arrowplay span i,
.trk-btn--arrowplay span svg",,,,, 1.25rem
.trk-btn--left,,,,,
.trk-btn--left span,, 4px,,,
.trk-btn--left span svg,,,, var(--brand-color), 0.875rem
.trk-btn--primary,,,,,
.trk-btn--secondary,,,, var(--wh-color),
.trk-btn--secondary2,,,, var(--bg-white),
.trk-btn--outline,,,, #0C263A,
.trk-btn--outline2,, 0.53rem 1rem,, var(--secondary-color),
.trk-btn--outline2 span.style1 svg,,,,,
.trk-btn--outline2 span.style1 svg rect,,,,,
.trk-btn--outline2 span.style1 svg g path,,,,,
.trk-btn--outline22,, 0.53rem 1rem,, var(--secondary-color),
.trk-btn--outline22 span.style1 svg,,,,,
.trk-btn--outline22 span.style1 svg rect,,,,,
.trk-btn--outline22 span.style1 svg g path,,,,,
.trk-btn--outline3,, 0.53rem 1rem,, #fff,
.trk-btn--outline3 span.style1 svg,,,,,
.trk-btn--outline4,,,, var(--secondary-color),
".trk-btn--outline4.active, .trk-btn--outline4:hover",,,, var(--bg-white),
.trk-btn.search-btn,, 1.2rem 1.85rem,,, 1.125rem
.trk-btn span,,,,,
".trk-btn.active.trk-btn--primary, .trk-btn:hover.trk-btn--primary",,,, #0C263A,
".trk-btn.active.trk-btn--primary:after, .trk-btn:hover.trk-btn--primary:after",,,,,
".trk-btn.active.trk-btn--secondary, .trk-btn:hover.trk-btn--secondary",,,, var(--bg-white),
".trk-btn.active.trk-btn--secondary:after, .trk-btn:hover.trk-btn--secondary:after",,,,,
".trk-btn.active.trk-btn--secondary2, .trk-btn:hover.trk-btn--secondary2",,,, var(--bg-white),
".trk-btn.active.trk-btn--secondary2:after, .trk-btn:hover.trk-btn--secondary2:after",,,,,
".trk-btn.active.trk-btn--arrow, .trk-btn:hover.trk-btn--arrow",,,,,
".trk-btn.active.trk-btn--outline, .trk-btn:hover.trk-btn--outline",,,, #0C263A,
".trk-btn.active.trk-btn--outline2, .trk-btn:hover.trk-btn--outline2",,,, #0C263A,
".trk-btn.active.trk-btn--outline2 span.style1 svg rect, .trk-btn:hover.trk-btn--outline2 span.style1 svg rect",,,,,
".trk-btn.active.trk-btn--outline2 span.style1 svg g path, .trk-btn:hover.trk-btn--outline2 span.style1 svg g path",,,,,
".trk-btn.active.trk-btn--outline22, .trk-btn:hover.trk-btn--outline22",,,, var(--bg-white),
".trk-btn.active.trk-btn--outline22 span.style1 svg rect, .trk-btn:hover.trk-btn--outline22 span.style1 svg rect",,,,,
".trk-btn.active.trk-btn--outline22 span.style1 svg g path, .trk-btn:hover.trk-btn--outline22 span.style1 svg g path",,,,,
".trk-btn.active.trk-btn--defult, .trk-btn:hover.trk-btn--defult",,,, #0C263A,
".trk-btn.active.trk-btn--defult span.style1 svg rect, .trk-btn:hover.trk-btn--defult span.style1 svg rect",,,,,
".trk-btn.active.trk-btn--defult span.style1 svg g path, .trk-btn:hover.trk-btn--defult span.style1 svg g path",,,,,
".trk-btn.active.trk-btn--outline3, .trk-btn:hover.trk-btn--outline3",,,, #0C263A,
".trk-btn.active.trk-btn--outline3 span.style1 svg rect, .trk-btn:hover.trk-btn--outline3 span.style1 svg rect",,,,,
".trk-btn.active.trk-btn--outline3 span.style1 svg g path, .trk-btn:hover.trk-btn--outline3 span.style1 svg g path",,,,,
".trk-btn.active.trk-btn--primary2 svg, .trk-btn:hover.trk-btn--primary2 svg",,,,,
.trk-btn-active,,,,,
.text-btn, inline-flex,,, var(--brand-color),
.text-btn::after,,,,,
.text-btn--style2,,,, var(--secondary-color),
.text-btn--style2::after,,,,,
".text-btn i,
.text-btn svg",,,,,
.text-btn.text-btn--small,,," ""Open Sans"", sans-serif", var(--title-color), 1rem
.text-btn.text-btn--small span,,,,,
.text-btn span,,,,,
.text-btn:hover,,,, var(--secondary-color),
.text-btn:hover::after,,,,,
.text-btn:hover span,,,,,
.btn-group,,,,,
.btn-group--gap-xs,,,,,
.btn-group--gap-sm,,,,,
.btn-group--gap-md,,,,,
.btn-group--gap-lg,,,,,
.preloader, grid,,,,
.preloader img,,,,,
.lightdark-switch span,,,,,
.lightdark-switch span:hover,,,,,
.lightdark-switch span img,,,,,
.social,,,,,
.social--style2,,,,,
.social__item h6,,," ""Open Sans"", sans-serif",, 1.125rem
.social__link,,,,, 1.125rem
.social__link--style1,,,,,
".social__link--style1 svg,
.social__link--style1 i",,,, var(--title-color), 1rem
.social__link--style2,,,,,
".social__link--style2 svg,
.social__link--style2 i",,,, var(--title-color), 1rem
.social__link--style22,,,,,
".social__link--style22 svg,
.social__link--style22 i",,,, var(--bg-white), 1rem
.social__link--style3,,,,, 1rem
".social__link--style3 svg,
.social__link--style3 i",,,, var(--title-color), inherit
.social__link--style5,,,,,
".social__link--style5 svg,
.social__link--style5 i",,,, var(--bg-white), 1rem
.social__link--style6,,,,,
".social__link--style6 svg,
.social__link--style6 i",,,, var(--title-color), 1rem
".social__link--style6.active svg,
.social__link--style6.active i, .social__link--style6:hover svg,
.social__link--style6:hover i",,,, var(--brand-color),
.social__link--style4,,,,,
".social__link--style4 svg,
.social__link--style4 i",,,, var(--title-color), 1rem
".social__link--style4.active, .social__link--style4:hover",,,,,
".social__link--style4.active svg,
.social__link--style4.active i, .social__link--style4:hover svg,
.social__link--style4:hover i",,,, var(--brand-color),
".social__link.active.social__link--style1, .social__link:hover.social__link--style1",,,,,
".social__link.active.social__link--style1 svg,
.social__link.active.social__link--style1 i, .social__link:hover.social__link--style1 svg,
.social__link:hover.social__link--style1 i",,,, #1B2D29,
".social__link.active.social__link--style2, .social__link:hover.social__link--style2",,,,,
".social__link.active.social__link--style2 svg,
.social__link.active.social__link--style2 i, .social__link:hover.social__link--style2 svg,
.social__link:hover.social__link--style2 i",,,, var(--brand-color),
".social__link.active.social__link--style22, .social__link:hover.social__link--style22",,,,,
".social__link.active.social__link--style22 svg,
.social__link.active.social__link--style22 i, .social__link:hover.social__link--style22 svg,
.social__link:hover.social__link--style22 i",,,, var(--brand-color),
".social__link.active.social__link--style3, .social__link:hover.social__link--style3",,,,,
".social__link.active.social__link--style3 svg,
.social__link.active.social__link--style3 i, .social__link:hover.social__link--style3 svg,
.social__link:hover.social__link--style3 i",,,, #0C263A,
".social__link.active.social__link--style5 svg,
.social__link.active.social__link--style5 i, .social__link:hover.social__link--style5 svg,
.social__link:hover.social__link--style5 i",,,, var(--brand-color),
.floating-content__item,,,,,
.floating-content__item h3,,," ""Open Sans"", sans-serif", var(--secondary-color),
.floating-content__item h3.style2,,,, #00D094,
.floating-content__item p,,,, var(--title-color), 1.25rem
.floating-content__item p.style2,,,,, 1.125rem
.floating-content__item--style2,, 16px 0px 16px 36px,,,
.floating-content__item--style2 img,,,,,
.floating-content__item--style2 p,,,,,
.floating-content__item--style3,, 16px,,,
.floating-content__item--style4,, 20px,,,
.floating-content__item--style4 p,,,, var(--title-color), 1.125rem
.floating-content__item--style4 span,,,, var(--title-color),
.floating-content__item--style5,,,,,
.floating-content__item--style5 h3,,,, var(--title-color),
.floating-content__item--style5 p,,,, var(--text-color),
.floating-content__top-left,,,,,
.floating-content__top-left--style2,,,,,
.floating-content__top-right,,,,,
.floating-content__left-top,,,,,
.floating-content__left-top--style2,,,,,
.floating-content__bottom-left,,,,,
.floating-content__bottom-left--style3,,,,,
.floating-content__bottom-right,,,,,
.floating-content__bottom-right--style2,,,,,
.partner,,,,,
.partner__wrapper,,,,,
.partner--gradient:before,,,,,
.partner--gradient::after,,,,,
.feature--style1 .feature__wrapper,,,,,
.feature--style1 .feature__item-content h6,,," ""Open Sans"", sans-serif", var(--text-color), 1.125rem
.feature--style1 .feature__image img,,,,,
.feature--style1 .feature__thumb,,,,,
.feature--style1 .feature__shape-item--1,,,,,
.feature--style1 .feature__shape-item--2, none, 40px,,,
.feature--style1 .feature__shape-item--2 span,,,,,
.feature--style2 .feature__item-inner,, 16px,,,
.feature--style2 .feature__item-thumb,,,,,
.feature--style2 .feature__item:hover,,,,,
.feature--style2 .feature__shape-item--1,,,,,
.service__item-inner,,,,,
.service__item-inner:hover,,,,,
.service__item--style2 .service__item-inner,,,,,
.service__item--style2 .service__content h5,,,,,
.service__thumb-inner,,,,,
.service__content h5,,,,,
.service__content:hover h5,,,, var(--brand-color),
.service__shape-item--1,,,,,
.service__shape-item--2,,,,,
.service__shape-item--3,,,,,
.pricing__item,,,,,
.pricing__item-inner,,,,,
".pricing__item-inner.active, .pricing__item-inner:hover",,,,,
.pricing__item-inner--style2,,,,,
".pricing__item-inner--style2.active, .pricing__item-inner--style2:hover",,,,,
.pricing__item-top,,,,,
.pricing__item-top h6,,,,,
.pricing__item-top h3,,,, var(--secondary-color),
.pricing__item-top h3 span,,," ""Open Sans"", sans-serif", #B0B3BF, 1.125rem
.pricing__list-item,,,, var(--title-color),
.pricing__shape-item--1, none, 40px,,,
.pricing__shape-item--1 span,,,,,
.pricing__shape-item--2,,,,,
.pricing__shape-item--3, none, 40px,,,
.pricing__shape-item--3 span,,,,,
.pricing__shape-item--4,,,,,
.pricing__shape-item--5,,,,,
.pricing__shape-item--6,,,,,
.team__item-inner,,,,,
.team__item-thumb,,,,,
.team__item-thumb img,,,,,
.team__item-thumb--style1 img,,,,,
.team__item-content,,,,,
.team__item-content--style1,, 8px,,,
.team__item-author,,,,,
.team__item-author--style1,, 12px 8px,,,
.team__item-author--style2,,,,,
.team__item-author--style2 .team__item-authorinfo h6,,," ""Anek Telugu"", sans-serif", var(--title-color),
.team__item-author--style2 .team__item-authorinfo h6:hover,,,, var(--brand-color),
.team__item-authorinfo h6,,," ""Open Sans"", sans-serif", var(--title-color),
.team__item-authorinfo h6:hover,,,, var(--brand-color),
.team__item-authorinfo p,,,,, 0.875rem
.team__item-shape1,,,,,
.team__item-shape2,,,,,
.team__item-shape3,,,,,
.team__item--bgcolor2 .team__item-inner,,,,,
.team__item:hover .team__item-author h6,,,, var(--brand-color),
.team__item:hover .team__item-thumb--style1 img,,,,,
.team__item:hover .team__item-thumb--style2 img,,,,,
".team__item:hover .team__item-shape1, .team__item:hover .team__item-shape2, .team__item:hover .team__item-shape3",,,,,
.team--details .team__thumb,,,,,
.team--details .team__thumb img,,,,,
.team--details .team__thumb img:hover,,,,,
.team--details .team__content > span,,,, var(--warning-color),
".team--details .team__content > span i,
.team--details .team__content > span svg",,,, var(--warning-color),
.blog__wrapper,,,,,
.blog__bg-element img,,,,,
.blog__item-inner,,,,,
.blog__item-inner:hover,,,,,
.blog__item-inner:hover .blog__thumb img,,,,,
.blog__item-inner:hover .blog__content h5,,,, var(--brand-color),
.trk-btn--primary:hover,,,,,
.submenu, none,,,,
.menu li:hover .submenu, block,,,,
.submenu li,, 10px 15px,,,
.submenu li:hover,,,,,
.blog__item-inner--style2,,,,,
.blog__item-inner--style2:hover,,,,,
.blog__item-inner--style2:hover .blog__thumb img,,,,,
.blog__item-inner--style2:hover .blog__content h5,,,, var(--secondary-color),
.blog__thumb,,,,,
.blog__thumb img,,,,,
.blog__content h5,,,,,
.blog__content h5.style2:hover a,,,, var(--secondary-color),
.blog__writer,,,,,
.blog__writer-thumb img,,,,,
.blog__writer-designation h6,,," ""Open Sans"", sans-serif", var(--title-color), 1rem
.blog__writer-designation p,,,, var(--title-color), 1.125rem
.blog__writer-designation span,,,, var(--text-color), 0.875rem
.blog__meta-tag,, 3px 12px,,, 0.875rem
.blog__meta-tag--style1,,,, var(--secondary-color),
.blog__meta-tag--style2,,,, var(--brand-color),
.blog__shape-item--1, none, 40px,,,
.blog__shape-item--1 span,,,,,
.blog-details__item-inner,,,,,
.blog-details__thumb,,,,,
.blog-details__thumb img,,,,,
.blog-details__thumb:hover img,,,,,
.blog-details__meta,,,, var(--text-color-light),
.blog-details__meta ul li,,,,,
.blog-details__meta ul li a,,,, var(--text-color-light),
".blog-details__meta ul li i,
.blog-details__meta ul li svg",,,,,
.blog-details__content p,,,, var(--text-color),
.blog-details__segment-thumb img,,,,,
.blog-details__action-inner,,,,,
.blog-details__commentform,,,,,
.testimonial__item-content p,,,,,
.testimonial__item--style1 .testimonial__item-inner,,,,,
.testimonial__item--style1 .testimonial__item-inner:hover,,,,,
.testimonial__item--style2 .testimonial__item-inner,,,,,
.testimonial__item--style2 .testimonial__item-inner:hover,,,,,
.testimonial__item:hover .testimonial__item-inner,,,,,
".testimonial__item:hover .testimonial__quote i,
.testimonial__item:hover .testimonial__quote svg",,,,,
.testimonial__author,,,,,
.testimonial__author-thumb img,,,,,
.testimonial__author-designation span,,,, var(--text-color), 0.875rem
".testimonial__quote span i,
.testimonial__quote span svg",,,, var(--brand-color), calc(1.375rem + 1.2857142857vw)
".testimonial__quote--style2 span i, .testimonial__quote--style2 span svg",,,, var(--secondary-color),
.cta__newsletter-inner,,,,,
.cta__thumb,,,,,
.cta__thumb::after,,,,,
.cta__subscribe,,,,,
.cta__subscribe h2,,,, #0C263A,
.cta__subscribe h2 span,,,, #0A4FD5,
.cta__subscribe p,,,, #0C263A,
.cta__shape-item--1,,,,,
.cta__shape-item--2,,,,,
.cta__shape-item--3,,,,,
.cta--style2,,,,,
.story__wrapper,,,,,
.story__thumb-inner,,,,,
.story__thumb-inner img,,,,,
".story__thumb-playbtn a i,
.story__thumb-playbtn a svg",,,, var(--bg-white), calc(1.475rem + 2.3142857143vw)
".story__thumb-playbtn:hover a i,
.story__thumb-playbtn:hover a svg",,,, var(--brand-color),
.story__shape-item--1, none, 40px,,,
.story__shape-item--1 span,,,,,
.sidebar__head h3,,,,,
.sidebar__head h6,,,,,
.sidebar__search,,,,,
.sidebar__search form,,,,,
.sidebar__search form input,,,,,
.sidebar__search form input:focus,,,,,
.sidebar__search form button,, 11px,, var(--wh-color),
".sidebar__search form button i,
.sidebar__search form button svg",,,,, 1.125rem
.sidebar__recentpost,,,,,
.sidebar__recentpost-body ul li:last-child,,,,,
.sidebar__recentpost-inner,,,,,
.sidebar__recentpost-thumb,,,,,
.sidebar__recentpost-thumb img,,,,,
.sidebar__recentpost-thumb img:hover,,,,,
.sidebar__recentpost-content p,,," ""Anek Telugu"", sans-serif", var(--title-color), 1rem
.sidebar__recentpost-content p a,,,, var(--title-color),
.sidebar__recentpost-content span,,,, var(--text-color), 0.875rem
.sidebar__recentpost-content:hover p a,,,, var(--brand-color),
.sidebar__recentpost-content:hover span,,,, var(--brand-color),
.sidebar__categorie,,,,,
.sidebar__categorie-body ul li:last-child,,,,,
".sidebar__categorie-body ul li span,
.sidebar__categorie-body ul li a",,,, var(--title-color), 1rem
".sidebar__categorie-body ul li.active span,
.sidebar__categorie-body ul li.active a, .sidebar__categorie-body ul li:hover span,
.sidebar__categorie-body ul li:hover a",,,, var(--brand-color),
.sidebar__categorie-body ul li a i,,,, var(--text-color-light),
.sidebar__social,,,,,
.sidebar__tags,,,,,
.sidebar__comment,,,,,
.sidebar__comment-item:last-child,,,,,
.tags ul,,,,,
.tags ul li,,,,,
.tags ul li h6,,," ""Open Sans"", sans-serif",, 1.125rem
.tags ul li a,, 8px 16px,, var(--text-color), 1rem
".tags ul li a.active, .tags ul li a:hover",,,, var(--title-color),
.tags--style2 ul,,,,,
.tags--style2 ul li,,,,,
.tags--style2 ul li h6,,," ""Open Sans"", sans-serif",, 1.125rem
.tags--style2 ul li a,, 8px 16px,, var(--text-color), 1rem
".tags--style2 ul li a.active, .tags--style2 ul li a:hover",,,, var(--brand-color),
.faq__thumb--style1::after,,,,,
.faq__shape-item--1,,,,,
.faq__shape-item--2,,,,,
.faq__shape-item--3,,,,,
.error__inner,,,,,
.error__thumb img,,,,,
.error__content h2 span,,,, var(--secondary-color),
.error__content p,,,,,
.service-details__item-inner,,,,,
.service-details__thumb-inner img,,,,,
.service-details__faq,,,,,
.service-details__faq button,,,,,
.nav--feature .nav-link,,,,,
.nav--feature .nav-link.active,,,,,
.nav--feature .nav-link.active h6,,,, var(--title-color),
.comment__author,,,,,
.button,, 12px 24px,, white, 24px
.comment__author-info h6,,,,,
.comment__author-info span,,,, var(--text-color), 0.875rem
.comment__author-thumb img,,,,,
.comment__action a,,," ""Anek Telugu"", sans-serif", var(--text-color), 1rem
.comment__action a img,,,,,
.comment__action a:hover,,,, var(--brand-color),
.comment__action a:hover img,,,,,
.comment__body-inner,,,,,
.comment__body-inner p,,,, var(--text-color),
.accordion__button,,," ""Anek Telugu"", sans-serif", var(--brand-color), 1.25rem
.accordion__button-content,,,,,
.accordion__button-plusicon, none,,,,
".accordion__button-plusicon:before, .accordion__button-plusicon:after",,,,,
.accordion__button-plusicon::before,,,,,
.accordion__button.collapsed,,,, var(--title-color),
.accordion__button.collapsed .accordion__button-plusicon,,,,,
.accordion__button.collapsed .accordion__button-plusicon::before,,,,,
.accordion__button.collapsed .accordion__button-plusicon::after,,,,,
.accordion--style1 .accordion__item,,,,,
.accordion--style1 .accordion__button,,,,,
.accordion--style1 .accordion__button--style2,,,,,
.accordion--style2 .accordion__item,,,,,
.accordion--style2 .accordion__button,,,, var(--secondary-color),
.accordion--style2 .accordion__button.collapsed,,,, var(--title-color),
.accordion--style2 .accordion__button-plusicon,,,,,
.accordion--style2 .accordion__button-plusicon::before,,,,,
.accordion--style2 .accordion__body,,,,,
.roadmap--style1 .roadmap__wrapper,,,,,
.roadmap--style1 .roadmap__item,,,,,
.roadmap--style1 .roadmap__item--style2,,,,,
.roadmap--style1 .roadmap__item.aos-animate,,,,,
.roadmap--style1 .roadmap__item-header h3,,,,,
.roadmap--style1 .roadmap__item-header span,,," ""Anek Telugu"", sans-serif", var(--brand-color), calc(1.325rem + 0.7714285714vw)
.roadmap--style1 .roadmap__item-content,, 20px,,,
.roadmap--style1 .roadmap__shape-item--1, none, 40px,,,
.roadmap--style1 .roadmap__shape-item--1 span,,,,,
.roadmap--style1 .roadmap__shape-item--2,,,,,
.roadmap--style2 .roadmap__upper-inner,,,,,
.roadmap--style2 .roadmap__upper-inner::after,,,,,
.roadmap--style2 .roadmap__slider,,,,,
.roadmap--style2 .roadmap__item-inner,,,,,
.roadmap--style2 .roadmap__item-content h5,,,,,
.roadmap--style2 .roadmap__item-date,, 4px 12px,, var(--title-color), 0.875rem
.roadmap--style2 .roadmap__item--reverse .roadmap__item-inner::after,,,,,
.roadmap--style2 .roadmap__item--reverse .roadmap__item-inner::before,,,,,
".roadmap--style2 .roadmap__item.active .roadmap__item-inner::after, .roadmap--style2 .roadmap__item:hover .roadmap__item-inner::after",,,,,
".roadmap--style2 .roadmap__item.active .roadmap__item-inner::before, .roadmap--style2 .roadmap__item:hover .roadmap__item-inner::before",,,, var(--wh-color),
".roadmap--style2 .roadmap__item.active .roadmap__item-content h5, .roadmap--style2 .roadmap__item:hover .roadmap__item-content h5",,,, var(--secondary-color),
.about--style1,,,,,
.about__thumb-image img,,,,,
.about__thumb-image::after,,,,,
.about__thumb--style2::after,,,,,
.about__content-inner h2 span,,,, var(--secondary-color),
.about__content-inner p,,,, var(--text-color),
.about__content--style2 .about__content-details,,,,,
.about__content--style2 .about__content-inner,,,,,
.about__content--style2 .about__content-inner h2,,,,,
.about__content--style2 .about__content-inner h2 span,,,, var(--secondary-color),
.about__icon,,,,,
.about__icon-inner,,,,,
.about__shape--style1 .about__shape-item,,,,,
.about__shape--style2 .about__shape-item--1,,,,,
.about--style3 .about__content-icon img,,,,,
.about--style3 .about__content p,,,, var(--text-color),
.about--style3 .about__content ul li,,," ""Open Sans"", sans-serif", var(--title-color-style2), 1.125rem
.about--style3 .about__content ul li span img,,,,,
html[data-bs-theme=dark] .team__item-author--style1,,,,,
html[data-bs-theme=dark] .team__item-inner--shape2,,,,,
html[data-bs-theme=dark] .banner--style3 .banner__bg img, none,,,,
html[data-bs-theme=dark] .banner--style3 .banner__counter-item,,,,,
html[data-bs-theme=dark] .trk-btn--outline2,,,, #fff,
html[data-bs-theme=dark] .trk-btn--outline4,,,, var(--bg-white),
"html[data-bs-theme=dark] .trk-btn--outline4.active, html[data-bs-theme=dark] .trk-btn--outline4:hover",,,, #0C263A,
html[data-bs-theme=dark] .blog__item-inner,,,,,
html[data-bs-theme=dark] .blog__shape-item--1,,,,,
html[data-bs-theme=dark] .service__item-inner:hover,,,,,
html[data-bs-theme=dark] .service__item--style2 .service__item-inner:hover,,,,,
html[data-bs-theme=dark] .service__item--style2 .service__thumb-inner,,,,,
html[data-bs-theme=dark] .pricing__item-inner,,,,,
"html[data-bs-theme=dark] .pricing__item-inner.active, html[data-bs-theme=dark] .pricing__item-inner:hover",,,,,
html[data-bs-theme=dark] .pricing__item-top,,,,,
html[data-bs-theme=dark] .pricing__shape-item--1,,,,,
html[data-bs-theme=dark] .blog__item-inner:hover,,,,,
html[data-bs-theme=dark] .swiper-nav__btn,,,,,
"html[data-bs-theme=dark] .swiper-nav__btn i,
html[data-bs-theme=dark] .swiper-nav__btn svg",,,, var(--bg-white),
"html[data-bs-theme=dark] .swiper-nav__btn.active, html[data-bs-theme=dark] .swiper-nav__btn:hover",,,,,
"html[data-bs-theme=dark] .swiper-nav__btn.active i,
html[data-bs-theme=dark] .swiper-nav__btn.active svg, html[data-bs-theme=dark] .swiper-nav__btn:hover i,
html[data-bs-theme=dark] .swiper-nav__btn:hover svg",,,, #0C263A,
html[data-bs-theme=dark] .testimonial__item-content p,,,,,
html[data-bs-theme=dark] .testimonial__item:hover .testimonial__item-inner,,,,,
"html[data-bs-theme=dark] .testimonial__item:hover .testimonial__quote span i,
html[data-bs-theme=dark] .testimonial__item:hover .testimonial__quote span svg",,,, var(--brand-color),
"html[data-bs-theme=dark] .testimonial__quote span i,
html[data-bs-theme=dark] .testimonial__quote span svg",,,," rgb(255, 255, 255)",
html[data-bs-theme=dark] .accordion--style1 .accordion__item,,,,,
html[data-bs-theme=dark] .cta--style1 .cta__content-inner,,,,,
html[data-bs-theme=dark] .form-control,,,,,
html[data-bs-theme=dark] .form-control--style1,,,,,
html[data-bs-theme=dark] .sidebar__search form input,,,, var(--bg-white),
html[data-bs-theme=dark] .account__social-btn,,,,,
html[data-bs-theme=dark] .trk-btn--outline,,,, var(--brand-color),
html[data-bs-theme=dark] .account__divider--style1::before,,,,,
html[data-bs-theme=dark] .nav--feature .nav-link,,,,,
html[data-bs-theme=dark] .social__link--style1,,,,,
"html[data-bs-theme=dark] .social__link--style1.active, html[data-bs-theme=dark] .social__link--style1:hover",,,,,
"html[data-bs-theme=dark] .social__link--style1.active svg, html[data-bs-theme=dark] .social__link--style1:hover svg",,,, var(--brand-color),
html[data-bs-theme=dark] .partner--gradient::after,,,,,
.avatar-btn, flex,,,,
.avatar-img,,,,,
.inputContainer,,,,,
.username,,,, #ffffff, 16px
.dropdown, inline-block,,,,
.dropdown-menu, none, 8px,,,
.dropdown-menu a, block, 8px,, #333,
.dropdown-menu a:hover,,,,,
.dropdown:hover .dropdown-menu, flex,,,,
.header-wrapper, flex, 0px 60px,, white,
.header-item,,,,,
.header-logo,,,,, 1.5em
.header-nav, flex,,,,
.header-nav .nav-item,,,,,
.header-nav .nav-link,, 10px,, white, 1.1em
.header-nav .nav-link:hover,,,, #ff6600,
.menu-area,,,,,
.header-action, flex,,,,
.header-menu-avatar, flex,,,,
.mycorousel,, 0,,,
.mycorousel img,,,,,
.mycorousel:hover img,,,,,
.mycorousel:active img,,,,,
.header-user, flex,,,, 1em
.header-user img,,,,,
.swiper-container,,,,,
.swiper-slide, flex,,,, 18px
.container,, 20px," Arial, sans-serif",,
h1,,,, #333,
form,, 20px,,,
.claimform,,,,,
label, block,,, #555,
"input[type=""text""],
input[type=""email""]",, 10px,,, 16px
"input[type=""text""]:focus,
input[type=""email""]:focus",,,,,
.submit-button,, 10px 20px,, white, 16px
.submit-button:hover,,,,,
form > *:not(:last-child),,,,,
.mainblock,,,,,
.leader-card,, 20px,,,
.leader-card h5,,,,, 3rem
.leader-card p,,,,, 2rem
